-- ============================================================
-- WareCore WMS - DEV / PREVIEW Seed Data
-- Full dummy dataset covering all tables.
--
-- Run AFTER all migrations (000–004).
-- Applied automatically by: npm run seed:dev
--
-- Preview login:
--   Email:    admin@preview.dev
--   Password: Preview123!
-- ============================================================

-- ============================================================
-- TRUNCATE (safe order to respect FK constraints)
-- ============================================================
TRUNCATE TABLE
  dispatch_items,
  dispatch_orders,
  job_work_items,
  job_work_orders,
  transfer_items,
  transfers,
  purchase_bill_items,
  purchase_bills,
  stock_ledger,
  material_sizes,
  material_types,
  user_profiles,
  warehouses,
  customers,
  suppliers,
  companies
CASCADE;

-- ============================================================
-- COMPANIES
-- Fixed UUIDs: 10000000-0000-0000-0000-0000000000XX
-- ============================================================
INSERT INTO companies (id, name, code, short_name, address, city, state, pincode, phone, email, gstin, is_active) VALUES
  ('10000000-0000-0000-0000-000000000001', 'SteelCorp India Pvt Ltd', 'SCI', 'SteelCorp', '123 Industrial Area, Andheri East', 'Mumbai', 'Maharashtra', '400093', '022-12345678', 'info@steelcorp.in', '27AABCS1234A1Z5', TRUE),
  ('10000000-0000-0000-0000-000000000002', 'MetalWorks Ltd', 'MWL', 'MetalWorks', '45 MIDC Phase II, Chinchwad', 'Pune', 'Maharashtra', '411019', '020-98765432', 'contact@metalworks.in', '27AABCM5678B2Z6', TRUE),
  ('10000000-0000-0000-0000-000000000003', 'IronTech Industries', 'ITI', 'IronTech', '78 SEZ Block B, Satpur', 'Nashik', 'Maharashtra', '422007', '0253-7654321', 'admin@irontech.in', '27AABCI9012C3Z7', TRUE);

-- ============================================================
-- WAREHOUSES
-- Fixed UUIDs: 20000000-0000-0000-0000-0000000000XX
-- ============================================================
INSERT INTO warehouses (id, company_id, name, address, city, state, is_active) VALUES
  ('20000000-0000-0000-0000-000000000001', '10000000-0000-0000-0000-000000000001', 'Main Warehouse',      'Gate 1, Andheri East',  'Mumbai', 'Maharashtra', TRUE),
  ('20000000-0000-0000-0000-000000000002', '10000000-0000-0000-0000-000000000001', 'Secondary Warehouse', 'Gate 2, Andheri East',  'Mumbai', 'Maharashtra', TRUE),
  ('20000000-0000-0000-0000-000000000003', '10000000-0000-0000-0000-000000000002', 'Main Warehouse',      'MIDC Phase II, Chinchwad', 'Pune', 'Maharashtra', TRUE),
  ('20000000-0000-0000-0000-000000000004', '10000000-0000-0000-0000-000000000003', 'Main Warehouse',      'SEZ Block B, Satpur',   'Nashik', 'Maharashtra', TRUE);

-- ============================================================
-- SUPPLIERS
-- Fixed UUIDs: 30000000-0000-0000-0000-0000000000XX
-- ============================================================
INSERT INTO suppliers (id, name, contact_person, phone, email, address, city, state, pincode, gstin, is_active) VALUES
  ('30000000-0000-0000-0000-000000000001', 'Tata Steel Ltd',          'Rajesh Kumar',   '9812300001', 'rajesh@tatasteel.com',   '1 Tata Centre, Nariman Point', 'Mumbai',   'Maharashtra', '400021', '27AAACT0123A1Z1', TRUE),
  ('30000000-0000-0000-0000-000000000002', 'JSW Steel Ltd',           'Priya Sharma',   '9812300002', 'priya@jsw.in',           'JSW Centre, Bandra Kurla',     'Mumbai',   'Maharashtra', '400051', '27AAACJ4567B2Z2', TRUE),
  ('30000000-0000-0000-0000-000000000003', 'SAIL Bhilai Steel Plant', 'Amit Patel',     '9812300003', 'amit@sail.in',           'Bhilai Steel Plant',           'Bhilai',   'Chhattisgarh','490001', '22AAACS8901C3Z3', TRUE),
  ('30000000-0000-0000-0000-000000000004', 'Essar Steel Gujarat',     'Sunita Reddy',   '9812300004', 'sunita@essar.com',       'Hazira Manufacturing Complex', 'Surat',    'Gujarat',     '394270', '24AAACE2345D4Z4', TRUE);

-- ============================================================
-- CUSTOMERS
-- Fixed UUIDs: 40000000-0000-0000-0000-0000000000XX
-- ============================================================
INSERT INTO customers (id, name, contact_person, phone, email, address, city, state, pincode, gstin, is_active) VALUES
  ('40000000-0000-0000-0000-000000000001', 'AutoParts Co Pvt Ltd',  'Vikram Singh',   '9823400001', 'vikram@autoparts.in',    'Plot 12, MIDC Bhosari',        'Pune',     'Maharashtra', '411026', '27AAACA1111A1Z1', TRUE),
  ('40000000-0000-0000-0000-000000000002', 'BuildRight Pvt Ltd',    'Meena Joshi',    '9823400002', 'meena@buildright.in',   '34 Thane Industrial Estate',   'Thane',    'Maharashtra', '400604', '27AAACB2222B2Z2', TRUE),
  ('40000000-0000-0000-0000-000000000003', 'SpeedMetal Ltd',        'Kiran Desai',    '9823400003', 'kiran@speedmetal.com',  'SF-5, Tarapur MIDC',           'Tarapur',  'Maharashtra', '401506', '27AAACS3333C3Z3', TRUE),
  ('40000000-0000-0000-0000-000000000004', 'Precision Stampings',   'Rohit Nair',     '9823400004', 'rohit@precision.in',    'B-7 Ambad MIDC',               'Nashik',   'Maharashtra', '422010', '27AAACP4444D4Z4', TRUE);

-- ============================================================
-- MATERIAL TYPES
-- Fixed UUIDs: 50000000-0000-0000-0000-0000000000XX
-- ============================================================
INSERT INTO material_types (id, name, unit, description, is_active) VALUES
  ('50000000-0000-0000-0000-000000000001', 'CR Coil',             'tons', 'Cold Rolled Coil',          TRUE),
  ('50000000-0000-0000-0000-000000000002', 'GI Coil',             'tons', 'Galvanized Iron Coil',      TRUE),
  ('50000000-0000-0000-0000-000000000003', 'GA Coil',             'tons', 'Galvannealed Coil',         TRUE),
  ('50000000-0000-0000-0000-000000000004', 'HR Coil',             'tons', 'Hot Rolled Coil',           TRUE),
  ('50000000-0000-0000-0000-000000000005', 'Paint',               'units','Paint material',             TRUE),
  ('50000000-0000-0000-0000-000000000006', 'Scrap',               'tons', 'Steel scrap',               TRUE),
  ('50000000-0000-0000-0000-000000000007', 'Channels',            'tons', 'Steel Channels',            TRUE),
  ('50000000-0000-0000-0000-000000000008', 'Sheets',              'tons', 'Steel Sheets',              TRUE),
  ('50000000-0000-0000-0000-000000000009', 'Custom Fabrication',  'units','Custom fabricated products',TRUE);

-- ============================================================
-- MATERIAL SIZES
-- Fixed UUIDs: 60000000-0000-0000-0000-0000000000XX
-- ============================================================
-- CR Coil sizes
INSERT INTO material_sizes (id, material_type_id, size_label, thickness, width, is_active) VALUES
  ('60000000-0000-0000-0000-000000000001', '50000000-0000-0000-0000-000000000001', '0.80x121',  0.80, 121,  TRUE),
  ('60000000-0000-0000-0000-000000000002', '50000000-0000-0000-0000-000000000001', '0.80x1000', 0.80, 1000, TRUE),
  ('60000000-0000-0000-0000-000000000003', '50000000-0000-0000-0000-000000000001', '1.00x1000', 1.00, 1000, TRUE),
  ('60000000-0000-0000-0000-000000000004', '50000000-0000-0000-0000-000000000001', '1.20x1250', 1.20, 1250, TRUE),
  ('60000000-0000-0000-0000-000000000005', '50000000-0000-0000-0000-000000000001', '1.40x1165', 1.40, 1165, TRUE),
  ('60000000-0000-0000-0000-000000000006', '50000000-0000-0000-0000-000000000001', '1.60x1250', 1.60, 1250, TRUE),
  ('60000000-0000-0000-0000-000000000007', '50000000-0000-0000-0000-000000000001', '2.00x1250', 2.00, 1250, TRUE),
  ('60000000-0000-0000-0000-000000000008', '50000000-0000-0000-0000-000000000001', 'Over Width', NULL, NULL, TRUE),
-- GI Coil sizes
  ('60000000-0000-0000-0000-000000000011', '50000000-0000-0000-0000-000000000002', '0.45x914',  0.45, 914,  TRUE),
  ('60000000-0000-0000-0000-000000000012', '50000000-0000-0000-0000-000000000002', '0.60x1000', 0.60, 1000, TRUE),
  ('60000000-0000-0000-0000-000000000013', '50000000-0000-0000-0000-000000000002', '0.80x1250', 0.80, 1250, TRUE),
  ('60000000-0000-0000-0000-000000000014', '50000000-0000-0000-0000-000000000002', '1.00x1250', 1.00, 1250, TRUE),
-- HR Coil sizes
  ('60000000-0000-0000-0000-000000000021', '50000000-0000-0000-0000-000000000004', '2.00x1250', 2.00, 1250, TRUE),
  ('60000000-0000-0000-0000-000000000022', '50000000-0000-0000-0000-000000000004', '2.50x1500', 2.50, 1500, TRUE),
  ('60000000-0000-0000-0000-000000000023', '50000000-0000-0000-0000-000000000004', '3.00x1500', 3.00, 1500, TRUE),
  ('60000000-0000-0000-0000-000000000024', '50000000-0000-0000-0000-000000000004', '4.00x1500', 4.00, 1500, TRUE);

-- ============================================================
-- PURCHASE BILLS  (triggers auto-populate stock_ledger)
-- Fixed UUIDs: 70000000-0000-0000-0000-0000000000XX
-- ============================================================
INSERT INTO purchase_bills (id, supplier_id, company_id, warehouse_id, bill_number, bill_date, total_quantity, total_amount, notes) VALUES
  ('70000000-0000-0000-0000-000000000001', '30000000-0000-0000-0000-000000000001', '10000000-0000-0000-0000-000000000001', '20000000-0000-0000-0000-000000000001', 'TATA/2024/001', '2024-12-01', 55.000, 3300000.00, 'First lot from Tata Steel'),
  ('70000000-0000-0000-0000-000000000002', '30000000-0000-0000-0000-000000000002', '10000000-0000-0000-0000-000000000001', '20000000-0000-0000-0000-000000000001', 'JSW/2024/101',  '2024-12-10', 40.000, 2400000.00, 'GI Coil stock up'),
  ('70000000-0000-0000-0000-000000000003', '30000000-0000-0000-0000-000000000003', '10000000-0000-0000-0000-000000000002', '20000000-0000-0000-0000-000000000003', 'SAIL/2024/201', '2025-01-05', 60.000, 3000000.00, 'HR Coil bulk purchase'),
  ('70000000-0000-0000-0000-000000000004', '30000000-0000-0000-0000-000000000001', '10000000-0000-0000-0000-000000000003', '20000000-0000-0000-0000-000000000004', 'TATA/2025/002', '2025-01-15', 30.000, 1950000.00, 'CR Coil for Nashik warehouse'),
  ('70000000-0000-0000-0000-000000000005', '30000000-0000-0000-0000-000000000004', '10000000-0000-0000-0000-000000000001', '20000000-0000-0000-0000-000000000002', 'ESS/2025/301',  '2025-02-01', 25.000, 1375000.00, 'GI Coil secondary warehouse');

-- ============================================================
-- PURCHASE BILL ITEMS (triggers write PURCHASE_IN to stock_ledger)
-- ============================================================
INSERT INTO purchase_bill_items (bill_id, material_type_id, material_size_id, size_label, item_name, quantity, unit, rate, amount) VALUES
  -- Bill 1: Tata Steel – CR Coil
  ('70000000-0000-0000-0000-000000000001', '50000000-0000-0000-0000-000000000001', '60000000-0000-0000-0000-000000000003', '1.00x1000', 'CR Coil', 20.000, 'tons', 60000.00, 1200000.00),
  ('70000000-0000-0000-0000-000000000001', '50000000-0000-0000-0000-000000000001', '60000000-0000-0000-0000-000000000004', '1.20x1250', 'CR Coil', 20.000, 'tons', 60000.00, 1200000.00),
  ('70000000-0000-0000-0000-000000000001', '50000000-0000-0000-0000-000000000001', '60000000-0000-0000-0000-000000000005', '1.40x1165', 'CR Coil', 15.000, 'tons', 60000.00,  900000.00),
  -- Bill 2: JSW – GI Coil
  ('70000000-0000-0000-0000-000000000002', '50000000-0000-0000-0000-000000000002', '60000000-0000-0000-0000-000000000011', '0.45x914',  'GI Coil', 15.000, 'tons', 60000.00,  900000.00),
  ('70000000-0000-0000-0000-000000000002', '50000000-0000-0000-0000-000000000002', '60000000-0000-0000-0000-000000000012', '0.60x1000', 'GI Coil', 25.000, 'tons', 60000.00, 1500000.00),
  -- Bill 3: SAIL – HR Coil (Pune warehouse)
  ('70000000-0000-0000-0000-000000000003', '50000000-0000-0000-0000-000000000004', '60000000-0000-0000-0000-000000000021', '2.00x1250', 'HR Coil', 25.000, 'tons', 50000.00, 1250000.00),
  ('70000000-0000-0000-0000-000000000003', '50000000-0000-0000-0000-000000000004', '60000000-0000-0000-0000-000000000022', '2.50x1500', 'HR Coil', 35.000, 'tons', 50000.00, 1750000.00),
  -- Bill 4: Tata Steel – CR Coil (Nashik)
  ('70000000-0000-0000-0000-000000000004', '50000000-0000-0000-0000-000000000001', '60000000-0000-0000-0000-000000000006', '1.60x1250', 'CR Coil', 15.000, 'tons', 65000.00,  975000.00),
  ('70000000-0000-0000-0000-000000000004', '50000000-0000-0000-0000-000000000001', '60000000-0000-0000-0000-000000000007', '2.00x1250', 'CR Coil', 15.000, 'tons', 65000.00,  975000.00),
  -- Bill 5: Essar – GI Coil (Secondary Mumbai)
  ('70000000-0000-0000-0000-000000000005', '50000000-0000-0000-0000-000000000002', '60000000-0000-0000-0000-000000000013', '0.80x1250', 'GI Coil', 15.000, 'tons', 55000.00,  825000.00),
  ('70000000-0000-0000-0000-000000000005', '50000000-0000-0000-0000-000000000002', '60000000-0000-0000-0000-000000000014', '1.00x1250', 'GI Coil', 10.000, 'tons', 55000.00,  550000.00);

-- ============================================================
-- DISPATCH ORDERS (triggers write SALE_OUT to stock_ledger)
-- Fixed UUIDs: 80000000-0000-0000-0000-0000000000XX
-- ============================================================
INSERT INTO dispatch_orders (id, invoice_number, customer_id, company_id, warehouse_id, dispatch_date, vehicle_number, driver_name, total_quantity, total_amount, notes) VALUES
  ('80000000-0000-0000-0000-000000000001', 'INV/2025/001', '40000000-0000-0000-0000-000000000001', '10000000-0000-0000-0000-000000000001', '20000000-0000-0000-0000-000000000001', '2025-01-10', 'MH04AB1234', 'Suresh Driver',  8.000,  528000.00, 'AutoParts CR Coil order'),
  ('80000000-0000-0000-0000-000000000002', 'INV/2025/002', '40000000-0000-0000-0000-000000000002', '10000000-0000-0000-0000-000000000001', '20000000-0000-0000-0000-000000000001', '2025-01-20', 'MH12CD5678', 'Ramesh Kumar',   5.000,  300000.00, 'BuildRight GI Coil dispatch'),
  ('80000000-0000-0000-0000-000000000003', 'INV/2025/003', '40000000-0000-0000-0000-000000000003', '10000000-0000-0000-0000-000000000002', '20000000-0000-0000-0000-000000000003', '2025-02-05', 'MH14EF9012', 'Ganesh Patil',  10.000,  500000.00, 'SpeedMetal HR Coil dispatch'),
  ('80000000-0000-0000-0000-000000000004', 'INV/2025/004', '40000000-0000-0000-0000-000000000004', '10000000-0000-0000-0000-000000000003', '20000000-0000-0000-0000-000000000004', '2025-02-15', 'MH15GH3456', 'Vijay Lokhande', 6.000,  390000.00, 'Precision Stampings order');

-- DISPATCH ITEMS
INSERT INTO dispatch_items (dispatch_order_id, material_type_id, material_size_id, size_label, item_name, quantity, unit, rate, amount) VALUES
  -- Dispatch 1: AutoParts – CR Coil
  ('80000000-0000-0000-0000-000000000001', '50000000-0000-0000-0000-000000000001', '60000000-0000-0000-0000-000000000003', '1.00x1000', 'CR Coil', 4.000, 'tons', 66000.00, 264000.00),
  ('80000000-0000-0000-0000-000000000001', '50000000-0000-0000-0000-000000000001', '60000000-0000-0000-0000-000000000004', '1.20x1250', 'CR Coil', 4.000, 'tons', 66000.00, 264000.00),
  -- Dispatch 2: BuildRight – GI Coil
  ('80000000-0000-0000-0000-000000000002', '50000000-0000-0000-0000-000000000002', '60000000-0000-0000-0000-000000000012', '0.60x1000', 'GI Coil', 5.000, 'tons', 60000.00, 300000.00),
  -- Dispatch 3: SpeedMetal – HR Coil (Pune)
  ('80000000-0000-0000-0000-000000000003', '50000000-0000-0000-0000-000000000004', '60000000-0000-0000-0000-000000000021', '2.00x1250', 'HR Coil', 5.000, 'tons', 50000.00, 250000.00),
  ('80000000-0000-0000-0000-000000000003', '50000000-0000-0000-0000-000000000004', '60000000-0000-0000-0000-000000000022', '2.50x1500', 'HR Coil', 5.000, 'tons', 50000.00, 250000.00),
  -- Dispatch 4: Precision Stampings (Nashik)
  ('80000000-0000-0000-0000-000000000004', '50000000-0000-0000-0000-000000000001', '60000000-0000-0000-0000-000000000006', '1.60x1250', 'CR Coil', 6.000, 'tons', 65000.00, 390000.00);

-- ============================================================
-- INTER-COMPANY TRANSFERS  (triggers write TRANSFER_OUT / TRANSFER_IN)
-- Fixed UUIDs: 90000000-0000-0000-0000-0000000000XX
-- ============================================================
INSERT INTO transfers (id, reference_number, from_company_id, from_warehouse_id, to_company_id, to_warehouse_id, transfer_date, status, notes) VALUES
  ('90000000-0000-0000-0000-000000000001', 'TRF/2025/001', '10000000-0000-0000-0000-000000000001', '20000000-0000-0000-0000-000000000001', '10000000-0000-0000-0000-000000000002', '20000000-0000-0000-0000-000000000003', '2025-01-25', 'completed', 'Mumbai to Pune – GI Coil balancing'),
  ('90000000-0000-0000-0000-000000000002', 'TRF/2025/002', '10000000-0000-0000-0000-000000000002', '20000000-0000-0000-0000-000000000003', '10000000-0000-0000-0000-000000000003', '20000000-0000-0000-0000-000000000004', '2025-02-10', 'in_transit', 'Pune to Nashik – HR Coil for order');

INSERT INTO transfer_items (transfer_id, material_type_id, material_size_id, size_label, quantity, unit, notes) VALUES
  -- Transfer 1: GI Coil Mumbai → Pune
  ('90000000-0000-0000-0000-000000000001', '50000000-0000-0000-0000-000000000002', '60000000-0000-0000-0000-000000000011', '0.45x914',  5.000, 'tons', NULL),
  ('90000000-0000-0000-0000-000000000001', '50000000-0000-0000-0000-000000000002', '60000000-0000-0000-0000-000000000012', '0.60x1000', 5.000, 'tons', NULL),
  -- Transfer 2: HR Coil Pune → Nashik
  ('90000000-0000-0000-0000-000000000002', '50000000-0000-0000-0000-000000000004', '60000000-0000-0000-0000-000000000022', '2.50x1500', 8.000, 'tons', NULL);

-- ============================================================
-- JOB WORK ORDERS  (triggers write JOB_WORK_OUT to stock_ledger)
-- Fixed UUIDs: a0000000-0000-0000-0000-0000000000XX
-- ============================================================
INSERT INTO job_work_orders (id, reference_number, vendor_id, company_id, warehouse_id, dispatch_date, expected_return_date, status, work_description, notes) VALUES
  ('a0000000-0000-0000-0000-000000000001', 'JW/2025/001', '30000000-0000-0000-0000-000000000002', '10000000-0000-0000-0000-000000000001', '20000000-0000-0000-0000-000000000001', '2025-01-28', '2025-02-10', 'completed',  'Slitting & cutting to customer spec', 'JSW slitting job'),
  ('a0000000-0000-0000-0000-000000000002', 'JW/2025/002', '30000000-0000-0000-0000-000000000003', '10000000-0000-0000-0000-000000000002', '20000000-0000-0000-0000-000000000003', '2025-02-12', '2025-02-25', 'dispatched', 'Blanking operation for AutoParts',    'SAIL blanking job – in progress');

INSERT INTO job_work_items (job_work_order_id, material_type_id, material_size_id, size_label, quantity_sent, quantity_received, unit) VALUES
  -- JW 1: CR Coil slitting (completed – full qty received)
  ('a0000000-0000-0000-0000-000000000001', '50000000-0000-0000-0000-000000000001', '60000000-0000-0000-0000-000000000005', '1.40x1165', 5.000, 5.000, 'tons'),
  -- JW 2: CR Coil blanking in progress (Pune – not yet returned)
  ('a0000000-0000-0000-0000-000000000002', '50000000-0000-0000-0000-000000000001', '60000000-0000-0000-0000-000000000004', '1.20x1250', 4.000, 0.000, 'tons');

-- ============================================================
-- NOTE: user_profiles is populated by the seed-dev.mjs script
-- (requires bcrypt hashing of the dev password at runtime).
-- ============================================================
